Year,Revenue - Product,Revenue - Service and Other ,Total Revenue ,Cost of Revenue - Product ,Cost of Revenue - Service and Other ,Total Cost of Revenue ,Gross Margin ,Research and Development,Sales and Marketing ,General and Administrative ,Operating Income ,"Other Income (Expense), net ",Income Before Income Taxes ,Provision for Income Taxes ,Net Income,Earnings Per Share - Basic,Earnings Per Share - Diluted,Weighted Average Shares Outstanding - Basic,Weighted Average Shares Outstanding - Diluted
2024,64773000000,1.80349E+11,2.45122E+11,15272000000,58842000000,74114000000,1.71008E+11,29510000000,24456000000,7609000000,1.09433E+11,-1646000000,1.07787E+11,19651000000,88136000000,11860000,11800000,7431000000,7469000000
2023,64699000000,1.47216E+11,2.11915E+11,17804000000,48059000000,65863000000,1.46052E+11,27195000000,22759000000,7575000000,88523000000,788000000,89311000000,16950000000,72361000000,9720000,9680000,7446000000,7472000000
2022,72732000000,1.25538E+11,1.9827E+11,19064000000,43586000000,62650000000,1.3562E+11,24512000000,21825000000,5900000000,83383000000,333000000,83716000000,10978000000,72738000000,9700000,9650000,7496000000,7540000000
